<?xml version="1.0" encoding="UTF-8" standalone="yes"?>
<addon id="repository.FTVGuide-Repo" name="FTV Guide Repo" version="1.0" provider-name="rayw1986, bluezed, FreeNetCable">
	<extension point="xbmc.addon.repository" name="FTV Guide Repository">
		<info compressed="false">http://github.com/bloodhod/FTVGuide-Repo/raw/master/addons.xml</info>
		<checksum>http://github.com/bloodhod/FTVGuide-Repo/raw/master/addons.xml.md5</checksum>
		<datadir zip="true">http://github.com/bloodhod/FTVGuide-Repo/raw/master/zips</datadir>
	</extension>
	<extension point="xbmc.addon.metadata">
		<summary>FTV Guide Repository</summary>
		<description>Download and install the FTV Guide addon. For OFFICIAL Support Visit TVADDONS.AG</description>
		<platform>all</platform>
	</extension>
</addon>

